
<dataset>
<record>
<id>1</id>
<ime>Diane</ime>
<prezime>Gilbert</prezime>
<email>dgilbert0@cbsnews.com</email>
<spol>Female</spol>
<slika>https://robohash.org/numquamrepudiandaequia.png?size=50x50&set=set1</slika>
<zivotopis>et eros vestibulum ac est lacinia nisi venenatis tristique fusce congue diam</zivotopis>
</record>
<record>
<id>2</id>
<ime>Ronald</ime>
<prezime>Simpson</prezime>
<email>rsimpson1@vkontakte.ru</email>
<spol>Male</spol>
<slika>https://robohash.org/aspernaturetnesciunt.png?size=50x50&set=set1</slika>
<zivotopis>eleifend pede libero quis orci nullam molestie nibh in lectus pellentesque at nulla suspendisse potenti cras in purus</zivotopis>
</record>
<record>
<id>3</id>
<ime>Judy</ime>
<prezime>Sanchez</prezime>
<email>jsanchez2@ehow.com</email>
<spol>Female</spol>
<slika>https://robohash.org/expeditaquisquampossimus.jpg?size=50x50&set=set1</slika>
<zivotopis>natoque penatibus et magnis dis parturient montes nascetur ridiculus mus etiam vel augue vestibulum rutrum rutrum</zivotopis>
</record>
<record>
<id>4</id>
<ime>Alan</ime>
<prezime>Tucker</prezime>
<email>atucker3@wikia.com</email>
<spol>Male</spol>
<slika>https://robohash.org/sintinciduntaut.bmp?size=50x50&set=set1</slika>
<zivotopis>quis tortor id nulla ultrices aliquet maecenas leo odio condimentum id luctus</zivotopis>
</record>
<record>
<id>5</id>
<ime>Jonathan</ime>
<prezime>Foster</prezime>
<email>jfoster4@domainmarket.com</email>
<spol>Male</spol>
<slika>https://robohash.org/delectusvitaepariatur.png?size=50x50&set=set1</slika>
<zivotopis>lorem quisque ut erat curabitur gravida nisi at nibh in hac habitasse platea dictumst aliquam augue</zivotopis>
</record>
<record>
<id>6</id>
<ime>David</ime>
<prezime>Marshall</prezime>
<email>dmarshall5@phoca.cz</email>
<spol>Male</spol>
<slika>https://robohash.org/iurequilaborum.jpg?size=50x50&set=set1</slika>
<zivotopis>non pretium quis lectus suspendisse potenti in eleifend quam a odio in</zivotopis>
</record>
<record>
<id>7</id>
<ime>James</ime>
<prezime>West</prezime>
<email>jwest6@live.com</email>
<spol>Male</spol>
<slika>https://robohash.org/autveroanimi.png?size=50x50&set=set1</slika>
<zivotopis>congue elementum in hac habitasse platea dictumst morbi vestibulum velit id pretium iaculis diam</zivotopis>
</record>
<record>
<id>8</id>
<ime>Jesse</ime>
<prezime>Allen</prezime>
<email>jallen7@miitbeian.gov.cn</email>
<spol>Male</spol>
<slika>https://robohash.org/maximenihilsit.png?size=50x50&set=set1</slika>
<zivotopis>ultrices posuere cubilia curae duis faucibus accumsan odio curabitur convallis duis consequat</zivotopis>
</record>
<record>
<id>9</id>
<ime>Ralph</ime>
<prezime>Morales</prezime>
<email>rmorales8@rakuten.co.jp</email>
<spol>Male</spol>
<slika>https://robohash.org/voluptatumperspiciatisducimus.png?size=50x50&set=set1</slika>
<zivotopis>urna pretium nisl ut volutpat sapien arcu sed augue aliquam erat volutpat in congue etiam justo</zivotopis>
</record>
<record>
<id>10</id>
<ime>Angela</ime>
<prezime>Garza</prezime>
<email>agarza9@ucsd.edu</email>
<spol>Female</spol>
<slika>https://robohash.org/suntquitotam.png?size=50x50&set=set1</slika>
<zivotopis>etiam justo etiam pretium iaculis justo in hac habitasse platea dictumst etiam</zivotopis>
</record>
<record>
<id>11</id>
<ime>Katherine</ime>
<prezime>Alvarez</prezime>
<email>kalvareza@example.com</email>
<spol>Female</spol>
<slika>https://robohash.org/autharumomnis.jpg?size=50x50&set=set1</slika>
<zivotopis>sit amet eros suspendisse accumsan tortor quis turpis sed ante</zivotopis>
</record>
<record>
<id>12</id>
<ime>Jacqueline</ime>
<prezime>Hunt</prezime>
<email>jhuntb@bigcartel.com</email>
<spol>Female</spol>
<slika>https://robohash.org/animierroraut.jpg?size=50x50&set=set1</slika>
<zivotopis>in porttitor pede justo eu massa donec dapibus duis at velit eu est congue elementum</zivotopis>
</record>
<record>
<id>13</id>
<ime>Jean</ime>
<prezime>Hamilton</prezime>
<email>jhamiltonc@topsy.com</email>
<spol>Female</spol>
<slika>https://robohash.org/voluptatumsapienteea.bmp?size=50x50&set=set1</slika>
<zivotopis>felis sed lacus morbi sem mauris laoreet ut rhoncus aliquet pulvinar sed nisl nunc</zivotopis>
</record>
<record>
<id>14</id>
<ime>Richard</ime>
<prezime>Ortiz</prezime>
<email>rortizd@ovh.net</email>
<spol>Male</spol>
<slika>https://robohash.org/hiceosfugit.bmp?size=50x50&set=set1</slika>
<zivotopis>eget congue eget semper rutrum nulla nunc purus phasellus in felis donec semper sapien a libero nam dui proin</zivotopis>
</record>
<record>
<id>15</id>
<ime>Lois</ime>
<prezime>Jacobs</prezime>
<email>ljacobse@prlog.org</email>
<spol>Female</spol>
<slika>https://robohash.org/dignissimosetaut.jpg?size=50x50&set=set1</slika>
<zivotopis>id massa id nisl venenatis lacinia aenean sit amet justo morbi ut odio cras</zivotopis>
</record>
<record>
<id>16</id>
<ime>Richard</ime>
<prezime>Torres</prezime>
<email>rtorresf@xing.com</email>
<spol>Male</spol>
<slika>https://robohash.org/etquidemnisi.png?size=50x50&set=set1</slika>
<zivotopis>semper rutrum nulla nunc purus phasellus in felis donec semper sapien a libero nam dui</zivotopis>
</record>
<record>
<id>17</id>
<ime>Raymond</ime>
<prezime>Kennedy</prezime>
<email>rkennedyg@columbia.edu</email>
<spol>Male</spol>
<slika>https://robohash.org/eavoluptatemrecusandae.bmp?size=50x50&set=set1</slika>
<zivotopis>in hac habitasse platea dictumst morbi vestibulum velit id pretium iaculis diam erat fermentum justo nec condimentum neque sapien</zivotopis>
</record>
<record>
<id>18</id>
<ime>Brandon</ime>
<prezime>Holmes</prezime>
<email>bholmesh@gov.uk</email>
<spol>Male</spol>
<slika>https://robohash.org/etasperioresminima.png?size=50x50&set=set1</slika>
<zivotopis>id ligula suspendisse ornare consequat lectus in est risus auctor sed tristique in tempus sit amet</zivotopis>
</record>
<record>
<id>19</id>
<ime>Billy</ime>
<prezime>Sullivan</prezime>
<email>bsullivani@chronoengine.com</email>
<spol>Male</spol>
<slika>https://robohash.org/atquequodsed.jpg?size=50x50&set=set1</slika>
<zivotopis>magna vulputate luctus cum sociis natoque penatibus et magnis dis parturient montes nascetur ridiculus</zivotopis>
</record>
<record>
<id>20</id>
<ime>Arthur</ime>
<prezime>Peterson</prezime>
<email>apetersonj@ft.com</email>
<spol>Male</spol>
<slika>https://robohash.org/modifugiatodit.png?size=50x50&set=set1</slika>
<zivotopis>ante ipsum primis in faucibus orci luctus et ultrices posuere cubilia curae nulla dapibus dolor vel est donec odio</zivotopis>
</record>
<record>
<id>21</id>
<ime>George</ime>
<prezime>Vasquez</prezime>
<email>gvasquezk@1688.com</email>
<spol>Male</spol>
<slika>https://robohash.org/rerumvelitquam.png?size=50x50&set=set1</slika>
<zivotopis>rhoncus sed vestibulum sit amet cursus id turpis integer aliquet massa</zivotopis>
</record>
<record>
<id>22</id>
<ime>Douglas</ime>
<prezime>Collins</prezime>
<email>dcollinsl@printfriendly.com</email>
<spol>Male</spol>
<slika>https://robohash.org/deseruntautminima.png?size=50x50&set=set1</slika>
<zivotopis>diam id ornare imperdiet sapien urna pretium nisl ut volutpat</zivotopis>
</record>
<record>
<id>23</id>
<ime>Bobby</ime>
<prezime>West</prezime>
<email>bwestm@blogger.com</email>
<spol>Male</spol>
<slika>https://robohash.org/nullaearumest.bmp?size=50x50&set=set1</slika>
<zivotopis>scelerisque mauris sit amet eros suspendisse accumsan tortor quis turpis sed ante</zivotopis>
</record>
<record>
<id>24</id>
<ime>Alan</ime>
<prezime>Roberts</prezime>
<email>arobertsn@bluehost.com</email>
<spol>Male</spol>
<slika>https://robohash.org/quasenimquia.bmp?size=50x50&set=set1</slika>
<zivotopis>lectus pellentesque at nulla suspendisse potenti cras in purus eu magna vulputate luctus cum</zivotopis>
</record>
<record>
<id>25</id>
<ime>Laura</ime>
<prezime>Fields</prezime>
<email>lfieldso@spotify.com</email>
<spol>Female</spol>
<slika>https://robohash.org/etquaelaudantium.bmp?size=50x50&set=set1</slika>
<zivotopis>vestibulum ante ipsum primis in faucibus orci luctus et ultrices</zivotopis>
</record>
<record>
<id>26</id>
<ime>Lisa</ime>
<prezime>Smith</prezime>
<email>lsmithp@skype.com</email>
<spol>Female</spol>
<slika>https://robohash.org/etnobisomnis.bmp?size=50x50&set=set1</slika>
<zivotopis>quam fringilla rhoncus mauris enim leo rhoncus sed vestibulum sit amet cursus id turpis integer aliquet massa id</zivotopis>
</record>
<record>
<id>27</id>
<ime>Adam</ime>
<prezime>Nguyen</prezime>
<email>anguyenq@merriam-webster.com</email>
<spol>Male</spol>
<slika>https://robohash.org/quaesimiliquererum.jpg?size=50x50&set=set1</slika>
<zivotopis>turpis sed ante vivamus tortor duis mattis egestas metus aenean fermentum donec ut mauris eget</zivotopis>
</record>
<record>
<id>28</id>
<ime>Dorothy</ime>
<prezime>Reed</prezime>
<email>dreedr@cbsnews.com</email>
<spol>Female</spol>
<slika>https://robohash.org/sitofficiaearum.jpg?size=50x50&set=set1</slika>
<zivotopis>vitae consectetuer eget rutrum at lorem integer tincidunt ante vel ipsum praesent blandit lacinia</zivotopis>
</record>
<record>
<id>29</id>
<ime>Helen</ime>
<prezime>Jackson</prezime>
<email>hjacksons@t-online.de</email>
<spol>Female</spol>
<slika>https://robohash.org/dignissimosvelblanditiis.jpg?size=50x50&set=set1</slika>
<zivotopis>eget vulputate ut ultrices vel augue vestibulum ante ipsum primis in</zivotopis>
</record>
<record>
<id>30</id>
<ime>Deborah</ime>
<prezime>Reyes</prezime>
<email>dreyest@sun.com</email>
<spol>Female</spol>
<slika>https://robohash.org/numquamquiodit.png?size=50x50&set=set1</slika>
<zivotopis>natoque penatibus et magnis dis parturient montes nascetur ridiculus mus vivamus vestibulum sagittis sapien cum sociis</zivotopis>
</record>
<record>
<id>31</id>
<ime>Katherine</ime>
<prezime>Mason</prezime>
<email>kmasonu@devhub.com</email>
<spol>Female</spol>
<slika>https://robohash.org/namvoluptatemmodi.jpg?size=50x50&set=set1</slika>
<zivotopis>placerat ante nulla justo aliquam quis turpis eget elit sodales scelerisque mauris sit amet eros</zivotopis>
</record>
<record>
<id>32</id>
<ime>Christopher</ime>
<prezime>Tucker</prezime>
<email>ctuckerv@360.cn</email>
<spol>Male</spol>
<slika>https://robohash.org/quisconsequaturpraesentium.bmp?size=50x50&set=set1</slika>
<zivotopis>pretium iaculis diam erat fermentum justo nec condimentum neque sapien placerat</zivotopis>
</record>
<record>
<id>33</id>
<ime>Jack</ime>
<prezime>Lewis</prezime>
<email>jlewisw@state.tx.us</email>
<spol>Male</spol>
<slika>https://robohash.org/magnievenietipsa.jpg?size=50x50&set=set1</slika>
<zivotopis>tortor duis mattis egestas metus aenean fermentum donec ut mauris eget massa tempor convallis nulla</zivotopis>
</record>
<record>
<id>34</id>
<ime>Jeffrey</ime>
<prezime>Lawson</prezime>
<email>jlawsonx@foxnews.com</email>
<spol>Male</spol>
<slika>https://robohash.org/idquiautem.bmp?size=50x50&set=set1</slika>
<zivotopis>est et tempus semper est quam pharetra magna ac consequat metus sapien ut nunc vestibulum ante ipsum primis</zivotopis>
</record>
<record>
<id>35</id>
<ime>Julie</ime>
<prezime>Long</prezime>
<email>jlongy@umich.edu</email>
<spol>Female</spol>
<slika>https://robohash.org/inciduntquoet.jpg?size=50x50&set=set1</slika>
<zivotopis>elementum nullam varius nulla facilisi cras non velit nec nisi vulputate nonummy maecenas tincidunt lacus at velit</zivotopis>
</record>
<record>
<id>36</id>
<ime>Edward</ime>
<prezime>Flores</prezime>
<email>efloresz@sfgate.com</email>
<spol>Male</spol>
<slika>https://robohash.org/ullamplaceatenim.bmp?size=50x50&set=set1</slika>
<zivotopis>commodo vulputate justo in blandit ultrices enim lorem ipsum dolor sit amet</zivotopis>
</record>
<record>
<id>37</id>
<ime>Christina</ime>
<prezime>Evans</prezime>
<email>cevans10@networkadvertising.org</email>
<spol>Female</spol>
<slika>https://robohash.org/enimimpeditassumenda.png?size=50x50&set=set1</slika>
<zivotopis>orci nullam molestie nibh in lectus pellentesque at nulla suspendisse potenti cras in purus eu magna</zivotopis>
</record>
<record>
<id>38</id>
<ime>Katherine</ime>
<prezime>Foster</prezime>
<email>kfoster11@gnu.org</email>
<spol>Female</spol>
<slika>https://robohash.org/quaeratnamdeserunt.png?size=50x50&set=set1</slika>
<zivotopis>pede ullamcorper augue a suscipit nulla elit ac nulla sed vel enim sit amet nunc</zivotopis>
</record>
<record>
<id>39</id>
<ime>Pamela</ime>
<prezime>Ramirez</prezime>
<email>pramirez12@imageshack.us</email>
<spol>Female</spol>
<slika>https://robohash.org/vitaeconsequaturconsequatur.jpg?size=50x50&set=set1</slika>
<zivotopis>consequat ut nulla sed accumsan felis ut at dolor quis odio consequat</zivotopis>
</record>
<record>
<id>40</id>
<ime>Scott</ime>
<prezime>Porter</prezime>
<email>sporter13@blog.com</email>
<spol>Male</spol>
<slika>https://robohash.org/distinctiopariaturomnis.png?size=50x50&set=set1</slika>
<zivotopis>rhoncus aliquam lacus morbi quis tortor id nulla ultrices aliquet maecenas leo odio condimentum id luctus nec molestie</zivotopis>
</record>
<record>
<id>41</id>
<ime>Ruth</ime>
<prezime>Carroll</prezime>
<email>rcarroll14@spotify.com</email>
<spol>Female</spol>
<slika>https://robohash.org/perspiciatisdignissimosautem.jpg?size=50x50&set=set1</slika>
<zivotopis>ac enim in tempor turpis nec euismod scelerisque quam turpis adipiscing lorem vitae mattis nibh ligula nec</zivotopis>
</record>
<record>
<id>42</id>
<ime>Clarence</ime>
<prezime>Lopez</prezime>
<email>clopez15@utexas.edu</email>
<spol>Male</spol>
<slika>https://robohash.org/quaeratquocommodi.png?size=50x50&set=set1</slika>
<zivotopis>sed justo pellentesque viverra pede ac diam cras pellentesque volutpat dui maecenas tristique est</zivotopis>
</record>
<record>
<id>43</id>
<ime>Scott</ime>
<prezime>Hunter</prezime>
<email>shunter16@csmonitor.com</email>
<spol>Male</spol>
<slika>https://robohash.org/dolortotamet.bmp?size=50x50&set=set1</slika>
<zivotopis>nunc proin at turpis a pede posuere nonummy integer non velit donec</zivotopis>
</record>
<record>
<id>44</id>
<ime>Gregory</ime>
<prezime>Simpson</prezime>
<email>gsimpson17@yelp.com</email>
<spol>Male</spol>
<slika>https://robohash.org/eossintomnis.jpg?size=50x50&set=set1</slika>
<zivotopis>laoreet ut rhoncus aliquet pulvinar sed nisl nunc rhoncus dui vel sem sed</zivotopis>
</record>
<record>
<id>45</id>
<ime>Earl</ime>
<prezime>Porter</prezime>
<email>eporter18@go.com</email>
<spol>Male</spol>
<slika>https://robohash.org/quonemotempora.jpg?size=50x50&set=set1</slika>
<zivotopis>ligula vehicula consequat morbi a ipsum integer a nibh in quis justo maecenas</zivotopis>
</record>
<record>
<id>46</id>
<ime>Janice</ime>
<prezime>Ross</prezime>
<email>jross19@sohu.com</email>
<spol>Female</spol>
<slika>https://robohash.org/repellatmolestiaeassumenda.bmp?size=50x50&set=set1</slika>
<zivotopis>sed magna at nunc commodo placerat praesent blandit nam nulla</zivotopis>
</record>
<record>
<id>47</id>
<ime>Alan</ime>
<prezime>Gordon</prezime>
<email>agordon1a@parallels.com</email>
<spol>Male</spol>
<slika>https://robohash.org/placeathicvoluptatibus.png?size=50x50&set=set1</slika>
<zivotopis>nunc purus phasellus in felis donec semper sapien a libero nam dui proin leo odio porttitor</zivotopis>
</record>
<record>
<id>48</id>
<ime>Rachel</ime>
<prezime>Williamson</prezime>
<email>rwilliamson1b@dell.com</email>
<spol>Female</spol>
<slika>https://robohash.org/quasisunttotam.png?size=50x50&set=set1</slika>
<zivotopis>lacinia eget tincidunt eget tempus vel pede morbi porttitor lorem id ligula suspendisse ornare consequat</zivotopis>
</record>
<record>
<id>49</id>
<ime>Walter</ime>
<prezime>Phillips</prezime>
<email>wphillips1c@tamu.edu</email>
<spol>Male</spol>
<slika>https://robohash.org/minusdoloremqueratione.png?size=50x50&set=set1</slika>
<zivotopis>morbi odio odio elementum eu interdum eu tincidunt in leo maecenas pulvinar lobortis est phasellus</zivotopis>
</record>
<record>
<id>50</id>
<ime>Nancy</ime>
<prezime>Nelson</prezime>
<email>nnelson1d@princeton.edu</email>
<spol>Female</spol>
<slika>https://robohash.org/assumendamolestiasest.png?size=50x50&set=set1</slika>
<zivotopis>vehicula condimentum curabitur in libero ut massa volutpat convallis morbi odio odio elementum eu interdum eu</zivotopis>
</record>
<record>
<id>51</id>
<ime>Jeffrey</ime>
<prezime>Rose</prezime>
<email>jrose1e@cargocollective.com</email>
<spol>Male</spol>
<slika>https://robohash.org/perspiciatismolestiaeet.bmp?size=50x50&set=set1</slika>
<zivotopis>sapien cursus vestibulum proin eu mi nulla ac enim in tempor turpis nec euismod scelerisque quam turpis</zivotopis>
</record>
<record>
<id>52</id>
<ime>Evelyn</ime>
<prezime>Gilbert</prezime>
<email>egilbert1f@biblegateway.com</email>
<spol>Female</spol>
<slika>https://robohash.org/beataequisquamasperiores.bmp?size=50x50&set=set1</slika>
<zivotopis>posuere nonummy integer non velit donec diam neque vestibulum eget vulputate ut ultrices vel</zivotopis>
</record>
<record>
<id>53</id>
<ime>Catherine</ime>
<prezime>Murray</prezime>
<email>cmurray1g@sitemeter.com</email>
<spol>Female</spol>
<slika>https://robohash.org/doloremdelectusnatus.jpg?size=50x50&set=set1</slika>
<zivotopis>in magna bibendum imperdiet nullam orci pede venenatis non sodales sed tincidunt eu felis fusce posuere felis</zivotopis>
</record>
<record>
<id>54</id>
<ime>Pamela</ime>
<prezime>Kelly</prezime>
<email>pkelly1h@spiegel.de</email>
<spol>Female</spol>
<slika>https://robohash.org/temporequosdolore.png?size=50x50&set=set1</slika>
<zivotopis>cubilia curae mauris viverra diam vitae quam suspendisse potenti nullam porttitor lacus</zivotopis>
</record>
<record>
<id>55</id>
<ime>Edward</ime>
<prezime>Hicks</prezime>
<email>ehicks1i@opera.com</email>
<spol>Male</spol>
<slika>https://robohash.org/quisquamteneturest.png?size=50x50&set=set1</slika>
<zivotopis>lacus curabitur at ipsum ac tellus semper interdum mauris ullamcorper purus sit amet nulla quisque arcu libero rutrum ac lobortis</zivotopis>
</record>
<record>
<id>56</id>
<ime>William</ime>
<prezime>Fisher</prezime>
<email>wfisher1j@nps.gov</email>
<spol>Male</spol>
<slika>https://robohash.org/aperiamquoid.jpg?size=50x50&set=set1</slika>
<zivotopis>ultricies eu nibh quisque id justo sit amet sapien dignissim vestibulum vestibulum ante ipsum</zivotopis>
</record>
<record>
<id>57</id>
<ime>Pamela</ime>
<prezime>Hudson</prezime>
<email>phudson1k@buzzfeed.com</email>
<spol>Female</spol>
<slika>https://robohash.org/quibusdamdoloremad.jpg?size=50x50&set=set1</slika>
<zivotopis>sit amet nulla quisque arcu libero rutrum ac lobortis vel dapibus at diam</zivotopis>
</record>
<record>
<id>58</id>
<ime>Carol</ime>
<prezime>Mcdonald</prezime>
<email>cmcdonald1l@meetup.com</email>
<spol>Female</spol>
<slika>https://robohash.org/temporibuseaet.bmp?size=50x50&set=set1</slika>
<zivotopis>augue a suscipit nulla elit ac nulla sed vel enim sit amet</zivotopis>
</record>
<record>
<id>59</id>
<ime>Jane</ime>
<prezime>Russell</prezime>
<email>jrussell1m@eepurl.com</email>
<spol>Female</spol>
<slika>https://robohash.org/teneturnumquamtempore.jpg?size=50x50&set=set1</slika>
<zivotopis>sodales scelerisque mauris sit amet eros suspendisse accumsan tortor quis turpis sed ante vivamus tortor duis mattis egestas metus aenean</zivotopis>
</record>
<record>
<id>60</id>
<ime>Annie</ime>
<prezime>Tucker</prezime>
<email>atucker1n@netscape.com</email>
<spol>Female</spol>
<slika>https://robohash.org/earumipsamalias.bmp?size=50x50&set=set1</slika>
<zivotopis>non mauris morbi non lectus aliquam sit amet diam in magna</zivotopis>
</record>
<record>
<id>61</id>
<ime>Phyllis</ime>
<prezime>Wells</prezime>
<email>pwells1o@mail.ru</email>
<spol>Female</spol>
<slika>https://robohash.org/eaquibusdamsaepe.bmp?size=50x50&set=set1</slika>
<zivotopis>id ornare imperdiet sapien urna pretium nisl ut volutpat sapien arcu sed augue aliquam erat volutpat in congue etiam</zivotopis>
</record>
<record>
<id>62</id>
<ime>Susan</ime>
<prezime>Elliott</prezime>
<email>selliott1p@symantec.com</email>
<spol>Female</spol>
<slika>https://robohash.org/etrecusandaeoptio.jpg?size=50x50&set=set1</slika>
<zivotopis>pellentesque ultrices phasellus id sapien in sapien iaculis congue vivamus metus arcu adipiscing molestie hendrerit at</zivotopis>
</record>
<record>
<id>63</id>
<ime>Teresa</ime>
<prezime>Harper</prezime>
<email>tharper1q@dedecms.com</email>
<spol>Female</spol>
<slika>https://robohash.org/accusamuscupiditaterepudiandae.bmp?size=50x50&set=set1</slika>
<zivotopis>duis ac nibh fusce lacus purus aliquet at feugiat non pretium quis lectus suspendisse potenti in eleifend quam</zivotopis>
</record>
<record>
<id>64</id>
<ime>Jesse</ime>
<prezime>Flores</prezime>
<email>jflores1r@163.com</email>
<spol>Male</spol>
<slika>https://robohash.org/quasfacilisquis.jpg?size=50x50&set=set1</slika>
<zivotopis>rutrum at lorem integer tincidunt ante vel ipsum praesent blandit lacinia erat vestibulum sed magna at nunc commodo</zivotopis>
</record>
<record>
<id>65</id>
<ime>George</ime>
<prezime>Carter</prezime>
<email>gcarter1s@liveinternet.ru</email>
<spol>Male</spol>
<slika>https://robohash.org/sintundeveritatis.jpg?size=50x50&set=set1</slika>
<zivotopis>amet nulla quisque arcu libero rutrum ac lobortis vel dapibus at diam nam tristique</zivotopis>
</record>
<record>
<id>66</id>
<ime>Justin</ime>
<prezime>Richardson</prezime>
<email>jrichardson1t@issuu.com</email>
<spol>Male</spol>
<slika>https://robohash.org/utnostrumveritatis.png?size=50x50&set=set1</slika>
<zivotopis>sollicitudin ut suscipit a feugiat et eros vestibulum ac est lacinia nisi venenatis tristique</zivotopis>
</record>
<record>
<id>67</id>
<ime>Joshua</ime>
<prezime>Kennedy</prezime>
<email>jkennedy1u@prweb.com</email>
<spol>Male</spol>
<slika>https://robohash.org/vitaedelectusaut.bmp?size=50x50&set=set1</slika>
<zivotopis>erat eros viverra eget congue eget semper rutrum nulla nunc</zivotopis>
</record>
<record>
<id>68</id>
<ime>Louise</ime>
<prezime>Brown</prezime>
<email>lbrown1v@umn.edu</email>
<spol>Female</spol>
<slika>https://robohash.org/totamnecessitatibusquia.bmp?size=50x50&set=set1</slika>
<zivotopis>venenatis turpis enim blandit mi in porttitor pede justo eu massa donec dapibus duis at velit eu est congue</zivotopis>
</record>
<record>
<id>69</id>
<ime>Arthur</ime>
<prezime>Sanders</prezime>
<email>asanders1w@infoseek.co.jp</email>
<spol>Male</spol>
<slika>https://robohash.org/suntidexercitationem.png?size=50x50&set=set1</slika>
<zivotopis>mauris ullamcorper purus sit amet nulla quisque arcu libero rutrum ac lobortis vel dapibus at diam nam tristique tortor eu</zivotopis>
</record>
<record>
<id>70</id>
<ime>Brandon</ime>
<prezime>Mills</prezime>
<email>bmills1x@hhs.gov</email>
<spol>Male</spol>
<slika>https://robohash.org/excepturiquienim.png?size=50x50&set=set1</slika>
<zivotopis>morbi porttitor lorem id ligula suspendisse ornare consequat lectus in est risus auctor sed tristique</zivotopis>
</record>
<record>
<id>71</id>
<ime>Rachel</ime>
<prezime>Elliott</prezime>
<email>relliott1y@t-online.de</email>
<spol>Female</spol>
<slika>https://robohash.org/errorfugitet.jpg?size=50x50&set=set1</slika>
<zivotopis>non mattis pulvinar nulla pede ullamcorper augue a suscipit nulla elit ac nulla sed vel enim sit amet</zivotopis>
</record>
<record>
<id>72</id>
<ime>Maria</ime>
<prezime>Woods</prezime>
<email>mwoods1z@goo.gl</email>
<spol>Female</spol>
<slika>https://robohash.org/voluptatesquiaeum.bmp?size=50x50&set=set1</slika>
<zivotopis>consequat lectus in est risus auctor sed tristique in tempus sit amet sem fusce consequat nulla nisl nunc</zivotopis>
</record>
<record>
<id>73</id>
<ime>John</ime>
<prezime>Brooks</prezime>
<email>jbrooks20@artisteer.com</email>
<spol>Male</spol>
<slika>https://robohash.org/quiasimiliqueprovident.jpg?size=50x50&set=set1</slika>
<zivotopis>ac leo pellentesque ultrices mattis odio donec vitae nisi nam</zivotopis>
</record>
<record>
<id>74</id>
<ime>Barbara</ime>
<prezime>Carr</prezime>
<email>bcarr21@hexun.com</email>
<spol>Female</spol>
<slika>https://robohash.org/laboriosamestmolestiae.jpg?size=50x50&set=set1</slika>
<zivotopis>potenti cras in purus eu magna vulputate luctus cum sociis</zivotopis>
</record>
<record>
<id>75</id>
<ime>Scott</ime>
<prezime>Woods</prezime>
<email>swoods22@cornell.edu</email>
<spol>Male</spol>
<slika>https://robohash.org/quiscorporismolestiae.png?size=50x50&set=set1</slika>
<zivotopis>massa donec dapibus duis at velit eu est congue elementum in hac habitasse</zivotopis>
</record>
<record>
<id>76</id>
<ime>Kenneth</ime>
<prezime>Kelley</prezime>
<email>kkelley23@webmd.com</email>
<spol>Male</spol>
<slika>https://robohash.org/officiisutmolestiae.jpg?size=50x50&set=set1</slika>
<zivotopis>nullam orci pede venenatis non sodales sed tincidunt eu felis fusce posuere felis sed lacus morbi sem mauris laoreet ut</zivotopis>
</record>
<record>
<id>77</id>
<ime>Ronald</ime>
<prezime>Burton</prezime>
<email>rburton24@smh.com.au</email>
<spol>Male</spol>
<slika>https://robohash.org/idsunteos.bmp?size=50x50&set=set1</slika>
<zivotopis>eu nibh quisque id justo sit amet sapien dignissim vestibulum vestibulum ante ipsum primis in faucibus orci</zivotopis>
</record>
<record>
<id>78</id>
<ime>Mark</ime>
<prezime>Reed</prezime>
<email>mreed25@examiner.com</email>
<spol>Male</spol>
<slika>https://robohash.org/rerumpariaturin.jpg?size=50x50&set=set1</slika>
<zivotopis>ut blandit non interdum in ante vestibulum ante ipsum primis in faucibus orci luctus et ultrices posuere cubilia curae duis</zivotopis>
</record>
<record>
<id>79</id>
<ime>Beverly</ime>
<prezime>Coleman</prezime>
<email>bcoleman26@dmoz.org</email>
<spol>Female</spol>
<slika>https://robohash.org/eosrerumeos.jpg?size=50x50&set=set1</slika>
<zivotopis>pede lobortis ligula sit amet eleifend pede libero quis orci nullam molestie nibh in</zivotopis>
</record>
<record>
<id>80</id>
<ime>Lawrence</ime>
<prezime>Lewis</prezime>
<email>llewis27@diigo.com</email>
<spol>Male</spol>
<slika>https://robohash.org/recusandaetemporeexcepturi.png?size=50x50&set=set1</slika>
<zivotopis>pellentesque volutpat dui maecenas tristique est et tempus semper est quam pharetra magna ac</zivotopis>
</record>
<record>
<id>81</id>
<ime>Gloria</ime>
<prezime>Richards</prezime>
<email>grichards28@biblegateway.com</email>
<spol>Female</spol>
<slika>https://robohash.org/porroofficiisest.png?size=50x50&set=set1</slika>
<zivotopis>lobortis convallis tortor risus dapibus augue vel accumsan tellus nisi eu orci mauris</zivotopis>
</record>
<record>
<id>82</id>
<ime>John</ime>
<prezime>Freeman</prezime>
<email>jfreeman29@businessinsider.com</email>
<spol>Male</spol>
<slika>https://robohash.org/reprehenderitsimiliqueiure.jpg?size=50x50&set=set1</slika>
<zivotopis>duis bibendum morbi non quam nec dui luctus rutrum nulla tellus in</zivotopis>
</record>
<record>
<id>83</id>
<ime>Laura</ime>
<prezime>Roberts</prezime>
<email>lroberts2a@skype.com</email>
<spol>Female</spol>
<slika>https://robohash.org/explicabofugaminima.bmp?size=50x50&set=set1</slika>
<zivotopis>amet sapien dignissim vestibulum vestibulum ante ipsum primis in faucibus</zivotopis>
</record>
<record>
<id>84</id>
<ime>Billy</ime>
<prezime>Weaver</prezime>
<email>bweaver2b@ebay.com</email>
<spol>Male</spol>
<slika>https://robohash.org/blanditiisvoluptatemnobis.jpg?size=50x50&set=set1</slika>
<zivotopis>sapien a libero nam dui proin leo odio porttitor id consequat in</zivotopis>
</record>
<record>
<id>85</id>
<ime>Helen</ime>
<prezime>Dean</prezime>
<email>hdean2c@chronoengine.com</email>
<spol>Female</spol>
<slika>https://robohash.org/molestiaeetreiciendis.png?size=50x50&set=set1</slika>
<zivotopis>justo sit amet sapien dignissim vestibulum vestibulum ante ipsum primis in</zivotopis>
</record>
<record>
<id>86</id>
<ime>Roger</ime>
<prezime>Morrison</prezime>
<email>rmorrison2d@gnu.org</email>
<spol>Male</spol>
<slika>https://robohash.org/quofugiatvoluptatum.jpg?size=50x50&set=set1</slika>
<zivotopis>amet justo morbi ut odio cras mi pede malesuada in imperdiet et commodo vulputate justo</zivotopis>
</record>
<record>
<id>87</id>
<ime>Diana</ime>
<prezime>Bell</prezime>
<email>dbell2e@shop-pro.jp</email>
<spol>Female</spol>
<slika>https://robohash.org/rerumofficiisnon.bmp?size=50x50&set=set1</slika>
<zivotopis>vitae nisi nam ultrices libero non mattis pulvinar nulla pede ullamcorper augue a suscipit nulla elit ac nulla sed</zivotopis>
</record>
<record>
<id>88</id>
<ime>Craig</ime>
<prezime>Fowler</prezime>
<email>cfowler2f@freewebs.com</email>
<spol>Male</spol>
<slika>https://robohash.org/fugaetmagni.png?size=50x50&set=set1</slika>
<zivotopis>id luctus nec molestie sed justo pellentesque viverra pede ac diam cras pellentesque volutpat dui maecenas tristique</zivotopis>
</record>
<record>
<id>89</id>
<ime>Jeremy</ime>
<prezime>Carter</prezime>
<email>jcarter2g@shareasale.com</email>
<spol>Male</spol>
<slika>https://robohash.org/ducimusperferendisminus.bmp?size=50x50&set=set1</slika>
<zivotopis>ut nunc vestibulum ante ipsum primis in faucibus orci luctus</zivotopis>
</record>
<record>
<id>90</id>
<ime>Harry</ime>
<prezime>Hamilton</prezime>
<email>hhamilton2h@typepad.com</email>
<spol>Male</spol>
<slika>https://robohash.org/nobisquibusdamlaudantium.png?size=50x50&set=set1</slika>
<zivotopis>suspendisse potenti cras in purus eu magna vulputate luctus cum sociis natoque penatibus et</zivotopis>
</record>
<record>
<id>91</id>
<ime>Jeremy</ime>
<prezime>Gomez</prezime>
<email>jgomez2i@zdnet.com</email>
<spol>Male</spol>
<slika>https://robohash.org/porroeaqueipsum.bmp?size=50x50&set=set1</slika>
<zivotopis>praesent blandit lacinia erat vestibulum sed magna at nunc commodo</zivotopis>
</record>
<record>
<id>92</id>
<ime>Bonnie</ime>
<prezime>Rogers</prezime>
<email>brogers2j@cbsnews.com</email>
<spol>Female</spol>
<slika>https://robohash.org/voluptatesetaperiam.png?size=50x50&set=set1</slika>
<zivotopis>sed vestibulum sit amet cursus id turpis integer aliquet massa id lobortis convallis tortor risus dapibus augue vel</zivotopis>
</record>
<record>
<id>93</id>
<ime>Ronald</ime>
<prezime>Ward</prezime>
<email>rward2k@unesco.org</email>
<spol>Male</spol>
<slika>https://robohash.org/occaecativoluptatibuserror.jpg?size=50x50&set=set1</slika>
<zivotopis>pretium iaculis justo in hac habitasse platea dictumst etiam faucibus cursus urna</zivotopis>
</record>
<record>
<id>94</id>
<ime>John</ime>
<prezime>Tucker</prezime>
<email>jtucker2l@indiatimes.com</email>
<spol>Male</spol>
<slika>https://robohash.org/dignissimosdelectusatque.png?size=50x50&set=set1</slika>
<zivotopis>ut nulla sed accumsan felis ut at dolor quis odio consequat</zivotopis>
</record>
<record>
<id>95</id>
<ime>Martha</ime>
<prezime>Murray</prezime>
<email>mmurray2m@shop-pro.jp</email>
<spol>Female</spol>
<slika>https://robohash.org/autrationedolores.png?size=50x50&set=set1</slika>
<zivotopis>nec nisi volutpat eleifend donec ut dolor morbi vel lectus in quam fringilla rhoncus</zivotopis>
</record>
<record>
<id>96</id>
<ime>James</ime>
<prezime>Baker</prezime>
<email>jbaker2n@gizmodo.com</email>
<spol>Male</spol>
<slika>https://robohash.org/sequisintvelit.bmp?size=50x50&set=set1</slika>
<zivotopis>proin eu mi nulla ac enim in tempor turpis nec euismod scelerisque</zivotopis>
</record>
<record>
<id>97</id>
<ime>Julia</ime>
<prezime>Carroll</prezime>
<email>jcarroll2o@google.ru</email>
<spol>Female</spol>
<slika>https://robohash.org/placeatnontenetur.jpg?size=50x50&set=set1</slika>
<zivotopis>est risus auctor sed tristique in tempus sit amet sem fusce consequat</zivotopis>
</record>
<record>
<id>98</id>
<ime>Amanda</ime>
<prezime>Parker</prezime>
<email>aparker2p@cam.ac.uk</email>
<spol>Female</spol>
<slika>https://robohash.org/vitaeutnihil.bmp?size=50x50&set=set1</slika>
<zivotopis>pede morbi porttitor lorem id ligula suspendisse ornare consequat lectus in est risus auctor sed tristique in</zivotopis>
</record>
<record>
<id>99</id>
<ime>Tammy</ime>
<prezime>Schmidt</prezime>
<email>tschmidt2q@npr.org</email>
<spol>Female</spol>
<slika>https://robohash.org/nihilbeataeipsum.jpg?size=50x50&set=set1</slika>
<zivotopis>nisl aenean lectus pellentesque eget nunc donec quis orci eget</zivotopis>
</record>
<record>
<id>100</id>
<ime>Patrick</ime>
<prezime>Lawson</prezime>
<email>plawson2r@sakura.ne.jp</email>
<spol>Male</spol>
<slika>https://robohash.org/sedconsequaturquidem.png?size=50x50&set=set1</slika>
<zivotopis>nulla quisque arcu libero rutrum ac lobortis vel dapibus at diam nam tristique tortor eu</zivotopis>
</record>
</dataset>